<?xml version="1.0" encoding="ISO-8859-1"?>
<Countries>
  <Country>
    <CountryName>Afghanistan</CountryName>
    <CountryCode>AFG</CountryCode>
  </Country>
  <Country>
    <CountryName>Angola</CountryName>
    <CountryCode>AGO</CountryCode>
  </Country>
  <Country>
    <CountryName>Anguilla</CountryName>
    <CountryCode>AIA</CountryCode>
  </Country>
  <Country>
    <CountryName>Albania</CountryName>
    <CountryCode>ALB</CountryCode>
  </Country>
  <Country>
    <CountryName>Andorra</CountryName>
    <CountryCode>AND</CountryCode>
  </Country>
  <Country>
    <CountryName>Antilles Netherlands</CountryName>
    <CountryCode>ANT</CountryCode>
  </Country>
  <Country>
    <CountryName>United Arab Emirates</CountryName>
    <CountryCode>ARE</CountryCode>
  </Country>
  <Country>
    <CountryName>Argentina</CountryName>
    <CountryCode>ARG</CountryCode>
  </Country>
  <Country>
    <CountryName>Armenia</CountryName>
    <CountryCode>ARM</CountryCode>
  </Country>
  <Country>
    <CountryName>American Samoa</CountryName>
    <CountryCode>ASM</CountryCode>
  </Country>
  <Country>
    <CountryName>French Southern Territories</CountryName>
    <CountryCode>ATF</CountryCode>
  </Country>
  <Country>
    <CountryName>Antigua and Barbuda</CountryName>
    <CountryCode>ATG</CountryCode>
  </Country>
  <Country>
    <CountryName>Australia</CountryName>
    <CountryCode>AUS</CountryCode>
  </Country>
  <Country>
    <CountryName>Austria</CountryName>
    <CountryCode>AUT</CountryCode>
  </Country>
  <Country>
    <CountryName>Azerbaijan</CountryName>
    <CountryCode>AZE</CountryCode>
  </Country>
  <Country>
    <CountryName>Burundi</CountryName>
    <CountryCode>BDI</CountryCode>
  </Country>
  <Country>
    <CountryName>Belgium</CountryName>
    <CountryCode>BEL</CountryCode>
  </Country>
  <Country>
    <CountryName>Benin</CountryName>
    <CountryCode>BEN</CountryCode>
  </Country>
  <Country>
    <CountryName>Burkina Faso</CountryName>
    <CountryCode>BFA</CountryCode>
  </Country>
  <Country>
    <CountryName>Bangladesh</CountryName>
    <CountryCode>BGD</CountryCode>
  </Country>
  <Country>
    <CountryName>Bulgaria</CountryName>
    <CountryCode>BGR</CountryCode>
  </Country>
  <Country>
    <CountryName>Bahrain</CountryName>
    <CountryCode>BHR</CountryCode>
  </Country>
  <Country>
    <CountryName>Bahamas</CountryName>
    <CountryCode>BHS</CountryCode>
  </Country>
  <Country>
    <CountryName>Bosnia and Herzegowina</CountryName>
    <CountryCode>BIH</CountryCode>
  </Country>
  <Country>
    <CountryName>Belarus</CountryName>
    <CountryCode>BLR</CountryCode>
  </Country>
  <Country>
    <CountryName>Belize</CountryName>
    <CountryCode>BLZ</CountryCode>
  </Country>
  <Country>
    <CountryName>Bermuda</CountryName>
    <CountryCode>BMU</CountryCode>
  </Country>
  <Country>
    <CountryName>Bolivia</CountryName>
    <CountryCode>BOL</CountryCode>
  </Country>
  <Country>
    <CountryName>Brazil</CountryName>
    <CountryCode>BRA</CountryCode>
  </Country>
  <Country>
    <CountryName>Barbados</CountryName>
    <CountryCode>BRB</CountryCode>
  </Country>
  <Country>
    <CountryName>Brunei Darussalam</CountryName>
    <CountryCode>BRN</CountryCode>
  </Country>
  <Country>
    <CountryName>Bhutan</CountryName>
    <CountryCode>BTN</CountryCode>
  </Country>
  <Country>
    <CountryName>Bouvet Island</CountryName>
    <CountryCode>BVT</CountryCode>
  </Country>
  <Country>
    <CountryName>Botswana</CountryName>
    <CountryCode>BWA</CountryCode>
  </Country>
  <Country>
    <CountryName>Central African Republic</CountryName>
    <CountryCode>CAF</CountryCode>
  </Country>
  <Country>
    <CountryName>Canada</CountryName>
    <CountryCode>CAN</CountryCode>
  </Country>
  <Country>
    <CountryName>Cocos (Keeling) Islands</CountryName>
    <CountryCode>CCK</CountryCode>
  </Country>
  <Country>
    <CountryName>Switzerland</CountryName>
    <CountryCode>CHE</CountryCode>
  </Country>
  <Country>
    <CountryName>Chile</CountryName>
    <CountryCode>CHL</CountryCode>
  </Country>
  <Country>
    <CountryName>China</CountryName>
    <CountryCode>CHN</CountryCode>
  </Country>
  <Country>
    <CountryName>Ivory Coast</CountryName>
    <CountryCode>CIV</CountryCode>
  </Country>
  <Country>
    <CountryName>Cameroon</CountryName>
    <CountryCode>CMR</CountryCode>
  </Country>
  <Country>
    <CountryName>Congo, Republic of the Democratic</CountryName>
    <CountryCode>COG</CountryCode>
  </Country>
  <Country>
    <CountryName>Cook Islands</CountryName>
    <CountryCode>COK</CountryCode>
  </Country>
  <Country>
    <CountryName>Colombia</CountryName>
    <CountryCode>COL</CountryCode>
  </Country>
  <Country>
    <CountryName>Comoros</CountryName>
    <CountryCode>COM</CountryCode>
  </Country>
  <Country>
    <CountryName>Cape Verde</CountryName>
    <CountryCode>CPV</CountryCode>
  </Country>
  <Country>
    <CountryName>Costa Rica</CountryName>
    <CountryCode>CRI</CountryCode>
  </Country>
  <Country>
    <CountryName>Cuba</CountryName>
    <CountryCode>CUB</CountryCode>
  </Country>
  <Country>
    <CountryName>Christmas Island</CountryName>
    <CountryCode>CXR</CountryCode>
  </Country>
  <Country>
    <CountryName>Cayman Islands</CountryName>
    <CountryCode>CYM</CountryCode>
  </Country>
  <Country>
    <CountryName>Cyprus</CountryName>
    <CountryCode>CYP</CountryCode>
  </Country>
  <Country>
    <CountryName>Czech Republic</CountryName>
    <CountryCode>CZE</CountryCode>
  </Country>
  <Country>
    <CountryName>Germany</CountryName>
    <CountryCode>DEU</CountryCode>
  </Country>
  <Country>
    <CountryName>Djibouti</CountryName>
    <CountryCode>DJI</CountryCode>
  </Country>
  <Country>
    <CountryName>Dominica</CountryName>
    <CountryCode>DMA</CountryCode>
  </Country>
  <Country>
    <CountryName>Denmark</CountryName>
    <CountryCode>DNK</CountryCode>
  </Country>
  <Country>
    <CountryName>Dominican Republic</CountryName>
    <CountryCode>DOM</CountryCode>
  </Country>
  <Country>
    <CountryName>Algeria</CountryName>
    <CountryCode>DZA</CountryCode>
  </Country>
  <Country>
    <CountryName>Ecuador</CountryName>
    <CountryCode>ECU</CountryCode>
  </Country>
  <Country>
    <CountryName>Egypt</CountryName>
    <CountryCode>EGY</CountryCode>
  </Country>
  <Country>
    <CountryName>Eritrea</CountryName>
    <CountryCode>ERI</CountryCode>
  </Country>
  <Country>
    <CountryName>Western Sahara</CountryName>
    <CountryCode>ESH</CountryCode>
  </Country>
  <Country>
    <CountryName>Spain</CountryName>
    <CountryCode>ESP</CountryCode>
  </Country>
  <Country>
    <CountryName>Estonia</CountryName>
    <CountryCode>EST</CountryCode>
  </Country>
  <Country>
    <CountryName>Ethiopia</CountryName>
    <CountryCode>ETH</CountryCode>
  </Country>
  <Country>
    <CountryName>Finland</CountryName>
    <CountryCode>FIN</CountryCode>
  </Country>
  <Country>
    <CountryName>Fiji</CountryName>
    <CountryCode>FJI</CountryCode>
  </Country>
  <Country>
    <CountryName>Falkland Islands (Malvinas)</CountryName>
    <CountryCode>FLK</CountryCode>
  </Country>
  <Country>
    <CountryName>France</CountryName>
    <CountryCode>FRA</CountryCode>
  </Country>
  <Country>
    <CountryName>Faroe Islands</CountryName>
    <CountryCode>FRO</CountryCode>
  </Country>
  <Country>
    <CountryName>Micronesia, Federated States of</CountryName>
    <CountryCode>FSM</CountryCode>
  </Country>
  <Country>
    <CountryName>Gabon</CountryName>
    <CountryCode>GAB</CountryCode>
  </Country>
  <Country>
    <CountryName>United Kingdom</CountryName>
    <CountryCode>GBR</CountryCode>
  </Country>
  <Country>
    <CountryName>Georgia</CountryName>
    <CountryCode>GEO</CountryCode>
  </Country>
  <Country>
    <CountryName>Ghana</CountryName>
    <CountryCode>GHA</CountryCode>
  </Country>
  <Country>
    <CountryName>Gibraltar</CountryName>
    <CountryCode>GIB</CountryCode>
  </Country>
  <Country>
    <CountryName>Guinea</CountryName>
    <CountryCode>GIN</CountryCode>
  </Country>
  <Country>
    <CountryName>Guadeloupe</CountryName>
    <CountryCode>GLP</CountryCode>
  </Country>
  <Country>
    <CountryName>Gambia</CountryName>
    <CountryCode>GMB</CountryCode>
  </Country>
  <Country>
    <CountryName>Guinea-Bissau</CountryName>
    <CountryCode>GNB</CountryCode>
  </Country>
  <Country>
    <CountryName>Equatorial Guinea</CountryName>
    <CountryCode>GNQ</CountryCode>
  </Country>
  <Country>
    <CountryName>Greece</CountryName>
    <CountryCode>GRC</CountryCode>
  </Country>
  <Country>
    <CountryName>Grenada</CountryName>
    <CountryCode>GRD</CountryCode>
  </Country>
  <Country>
    <CountryName>Greenland</CountryName>
    <CountryCode>GRL</CountryCode>
  </Country>
  <Country>
    <CountryName>Guatemala</CountryName>
    <CountryCode>GTM</CountryCode>
  </Country>
  <Country>
    <CountryName>French Guiana</CountryName>
    <CountryCode>GUF</CountryCode>
  </Country>
  <Country>
    <CountryName>Guam</CountryName>
    <CountryCode>GUM</CountryCode>
  </Country>
  <Country>
    <CountryName>Guyana</CountryName>
    <CountryCode>GUY</CountryCode>
  </Country>
  <Country>
    <CountryName>Hong Kong</CountryName>
    <CountryCode>HKG</CountryCode>
  </Country>
  <Country>
    <CountryName>Heard and Mc Donald Islands</CountryName>
    <CountryCode>HMD</CountryCode>
  </Country>
  <Country>
    <CountryName>Honduras</CountryName>
    <CountryCode>HND</CountryCode>
  </Country>
  <Country>
    <CountryName>Croatia (Hrvatska)</CountryName>
    <CountryCode>HRV</CountryCode>
  </Country>
  <Country>
    <CountryName>Haiti</CountryName>
    <CountryCode>HTI</CountryCode>
  </Country>
  <Country>
    <CountryName>Hungary</CountryName>
    <CountryCode>HUN</CountryCode>
  </Country>
  <Country>
    <CountryName>Indonesia</CountryName>
    <CountryCode>IDN</CountryCode>
  </Country>
  <Country>
    <CountryName>India</CountryName>
    <CountryCode>IND</CountryCode>
  </Country>
  <Country>
    <CountryName>Ireland</CountryName>
    <CountryCode>IRL</CountryCode>
  </Country>
  <Country>
    <CountryName>Iran (Islamic Republic of)</CountryName>
    <CountryCode>IRN</CountryCode>
  </Country>
  <Country>
    <CountryName>Iraq</CountryName>
    <CountryCode>IRQ</CountryCode>
  </Country>
  <Country>
    <CountryName>Iceland</CountryName>
    <CountryCode>ISL</CountryCode>
  </Country>
  <Country>
    <CountryName>Israel</CountryName>
    <CountryCode>ISR</CountryCode>
  </Country>
  <Country>
    <CountryName>Italy</CountryName>
    <CountryCode>ITA</CountryCode>
  </Country>
  <Country>
    <CountryName>Jamaica</CountryName>
    <CountryCode>JAM</CountryCode>
  </Country>
  <Country>
    <CountryName>Jordan</CountryName>
    <CountryCode>JOR</CountryCode>
  </Country>
  <Country>
    <CountryName>Japan</CountryName>
    <CountryCode>JPN</CountryCode>
  </Country>
  <Country>
    <CountryName>Kazakhstan</CountryName>
    <CountryCode>KAZ</CountryCode>
  </Country>
  <Country>
    <CountryName>Kenya</CountryName>
    <CountryCode>KEN</CountryCode>
  </Country>
  <Country>
    <CountryName>Kyrgyzstan</CountryName>
    <CountryCode>KGZ</CountryCode>
  </Country>
  <Country>
    <CountryName>Cambodia</CountryName>
    <CountryCode>KHM</CountryCode>
  </Country>
  <Country>
    <CountryName>Kiribati</CountryName>
    <CountryCode>KIR</CountryCode>
  </Country>
  <Country>
    <CountryName>Saint Kitts</CountryName>
    <CountryCode>KNA</CountryCode>
  </Country>
  <Country>
    <CountryName>Korea, South</CountryName>
    <CountryCode>KOR</CountryCode>
  </Country>
  <Country>
    <CountryName>Kuwait</CountryName>
    <CountryCode>KWT</CountryCode>
  </Country>
  <Country>
    <CountryName>Lao Peoples Democratic Republic</CountryName>
    <CountryCode>LAO</CountryCode>
  </Country>
  <Country>
    <CountryName>Lebanon</CountryName>
    <CountryCode>LBN</CountryCode>
  </Country>
  <Country>
    <CountryName>Liberia</CountryName>
    <CountryCode>LBR</CountryCode>
  </Country>
  <Country>
    <CountryName>Libyan Arab Jamahiriya</CountryName>
    <CountryCode>LBY</CountryCode>
  </Country>
  <Country>
    <CountryName>Saint Lucia</CountryName>
    <CountryCode>LCA</CountryCode>
  </Country>
  <Country>
    <CountryName>Liechtenstein</CountryName>
    <CountryCode>LIE</CountryCode>
  </Country>
  <Country>
    <CountryName>Sri Lanka</CountryName>
    <CountryCode>LKA</CountryCode>
  </Country>
  <Country>
    <CountryName>Lesotho</CountryName>
    <CountryCode>LSO</CountryCode>
  </Country>
  <Country>
    <CountryName>Lithuania</CountryName>
    <CountryCode>LTU</CountryCode>
  </Country>
  <Country>
    <CountryName>Luxembourg</CountryName>
    <CountryCode>LUX</CountryCode>
  </Country>
  <Country>
    <CountryName>Latvia</CountryName>
    <CountryCode>LVA</CountryCode>
  </Country>
  <Country>
    <CountryName>Macau</CountryName>
    <CountryCode>MAC</CountryCode>
  </Country>
  <Country>
    <CountryName>Morocco</CountryName>
    <CountryCode>MAR</CountryCode>
  </Country>
  <Country>
    <CountryName>Monaco</CountryName>
    <CountryCode>MCO</CountryCode>
  </Country>
  <Country>
    <CountryName>Moldova, Republic of</CountryName>
    <CountryCode>MDA</CountryCode>
  </Country>
  <Country>
    <CountryName>Madagascar</CountryName>
    <CountryCode>MDG</CountryCode>
  </Country>
  <Country>
    <CountryName>Maldives</CountryName>
    <CountryCode>MDV</CountryCode>
  </Country>
  <Country>
    <CountryName>Mexico</CountryName>
    <CountryCode>MEX</CountryCode>
  </Country>
  <Country>
    <CountryName>Marshall Islands</CountryName>
    <CountryCode>MHL</CountryCode>
  </Country>
  <Country>
    <CountryName>Macedonia</CountryName>
    <CountryCode>MKD</CountryCode>
  </Country>
  <Country>
    <CountryName>Mali</CountryName>
    <CountryCode>MLI</CountryCode>
  </Country>
  <Country>
    <CountryName>Malta</CountryName>
    <CountryCode>MLT</CountryCode>
  </Country>
  <Country>
    <CountryName>Myanmar</CountryName>
    <CountryCode>MMR</CountryCode>
  </Country>
  <Country>
    <CountryName>Mongolia</CountryName>
    <CountryCode>MNG</CountryCode>
  </Country>
  <Country>
    <CountryName>Northern Mariana Islands</CountryName>
    <CountryCode>MNP</CountryCode>
  </Country>
  <Country>
    <CountryName>Mozambique</CountryName>
    <CountryCode>MOZ</CountryCode>
  </Country>
  <Country>
    <CountryName>Mauritania</CountryName>
    <CountryCode>MRT</CountryCode>
  </Country>
  <Country>
    <CountryName>Montserrat</CountryName>
    <CountryCode>MSR</CountryCode>
  </Country>
  <Country>
    <CountryName>Martinique</CountryName>
    <CountryCode>MTQ</CountryCode>
  </Country>
  <Country>
    <CountryName>Mauritius</CountryName>
    <CountryCode>MUS</CountryCode>
  </Country>
  <Country>
    <CountryName>Malawi</CountryName>
    <CountryCode>MWI</CountryCode>
  </Country>
  <Country>
    <CountryName>Malaysia</CountryName>
    <CountryCode>MYS</CountryCode>
  </Country>
  <Country>
    <CountryName>Mayotte</CountryName>
    <CountryCode>MYT</CountryCode>
  </Country>
  <Country>
    <CountryName>Namibia</CountryName>
    <CountryCode>NAM</CountryCode>
  </Country>
  <Country>
    <CountryName>New Caledonia</CountryName>
    <CountryCode>NCL</CountryCode>
  </Country>
  <Country>
    <CountryName>Niger</CountryName>
    <CountryCode>NER</CountryCode>
  </Country>
  <Country>
    <CountryName>Norfolk Island</CountryName>
    <CountryCode>NFK</CountryCode>
  </Country>
  <Country>
    <CountryName>Nigeria</CountryName>
    <CountryCode>NGA</CountryCode>
  </Country>
  <Country>
    <CountryName>Nicaragua</CountryName>
    <CountryCode>NIC</CountryCode>
  </Country>
  <Country>
    <CountryName>Niue</CountryName>
    <CountryCode>NIU</CountryCode>
  </Country>
  <Country>
    <CountryName>Netherlands</CountryName>
    <CountryCode>NLD</CountryCode>
  </Country>
  <Country>
    <CountryName>Norway</CountryName>
    <CountryCode>NOR</CountryCode>
  </Country>
  <Country>
    <CountryName>Nepal</CountryName>
    <CountryCode>NPL</CountryCode>
  </Country>
  <Country>
    <CountryName>Nauru</CountryName>
    <CountryCode>NRU</CountryCode>
  </Country>
  <Country>
    <CountryName>New Zealand</CountryName>
    <CountryCode>NZL</CountryCode>
  </Country>
  <Country>
    <CountryName>Oman</CountryName>
    <CountryCode>OMN</CountryCode>
  </Country>
  <Country>
    <CountryName>Pakistan</CountryName>
    <CountryCode>PAK</CountryCode>
  </Country>
  <Country>
    <CountryName>Panama</CountryName>
    <CountryCode>PAN</CountryCode>
  </Country>
  <Country>
    <CountryName>Pitcairn</CountryName>
    <CountryCode>PCN</CountryCode>
  </Country>
  <Country>
    <CountryName>Peru</CountryName>
    <CountryCode>PER</CountryCode>
  </Country>
  <Country>
    <CountryName>Philippines</CountryName>
    <CountryCode>PHL</CountryCode>
  </Country>
  <Country>
    <CountryName>Palau</CountryName>
    <CountryCode>PLW</CountryCode>
  </Country>
  <Country>
    <CountryName>Papua New Guinea</CountryName>
    <CountryCode>PNG</CountryCode>
  </Country>
  <Country>
    <CountryName>Poland</CountryName>
    <CountryCode>POL</CountryCode>
  </Country>
  <Country>
    <CountryName>Puerto Rico</CountryName>
    <CountryCode>PRI</CountryCode>
  </Country>
  <Country>
    <CountryName>Korea, North</CountryName>
    <CountryCode>PRK</CountryCode>
  </Country>
  <Country>
    <CountryName>Portugal</CountryName>
    <CountryCode>PRT</CountryCode>
  </Country>
  <Country>
    <CountryName>Paraguay</CountryName>
    <CountryCode>PRY</CountryCode>
  </Country>
  <Country>
    <CountryName>French Polynesia</CountryName>
    <CountryCode>PYF</CountryCode>
  </Country>
  <Country>
    <CountryName>Qatar</CountryName>
    <CountryCode>QAT</CountryCode>
  </Country>
  <Country>
    <CountryName>Reunion</CountryName>
    <CountryCode>REU</CountryCode>
  </Country>
  <Country>
    <CountryName>Romania</CountryName>
    <CountryCode>ROM</CountryCode>
  </Country>
  <Country>
    <CountryName>Russian Federation</CountryName>
    <CountryCode>RUS</CountryCode>
  </Country>
  <Country>
    <CountryName>Rwanda</CountryName>
    <CountryCode>RWA</CountryCode>
  </Country>
  <Country>
    <CountryName>Saudi Arabia</CountryName>
    <CountryCode>SAU</CountryCode>
  </Country>
  <Country>
    <CountryName>Sudan</CountryName>
    <CountryCode>SDN</CountryCode>
  </Country>
  <Country>
    <CountryName>Senegal</CountryName>
    <CountryCode>SEN</CountryCode>
  </Country>
  <Country>
    <CountryName>Singapore</CountryName>
    <CountryCode>SGP</CountryCode>
  </Country>
  <Country>
    <CountryName>South Georgia and the South Sandwich Islands</CountryName>
    <CountryCode>SGS</CountryCode>
  </Country>
  <Country>
    <CountryName>Svalbard and Jan Mayen Islands</CountryName>
    <CountryCode>SJM</CountryCode>
  </Country>
  <Country>
    <CountryName>Solomon Islands</CountryName>
    <CountryCode>SLB</CountryCode>
  </Country>
  <Country>
    <CountryName>Sierra Leone</CountryName>
    <CountryCode>SLE</CountryCode>
  </Country>
  <Country>
    <CountryName>El Salvador</CountryName>
    <CountryCode>SLV</CountryCode>
  </Country>
  <Country>
    <CountryName>San Marino</CountryName>
    <CountryCode>SMR</CountryCode>
  </Country>
  <Country>
    <CountryName>Somalia</CountryName>
    <CountryCode>SOM</CountryCode>
  </Country>
  <Country>
    <CountryName>Sao Tome and Principe</CountryName>
    <CountryCode>STP</CountryCode>
  </Country>
  <Country>
    <CountryName>Suriname</CountryName>
    <CountryCode>SUR</CountryCode>
  </Country>
  <Country>
    <CountryName>Slovakia (Slovak Republic)</CountryName>
    <CountryCode>SVK</CountryCode>
  </Country>
  <Country>
    <CountryName>Slovenia</CountryName>
    <CountryCode>SVN</CountryCode>
  </Country>
  <Country>
    <CountryName>Sweden</CountryName>
    <CountryCode>SWE</CountryCode>
  </Country>
  <Country>
    <CountryName>Swaziland</CountryName>
    <CountryCode>SWZ</CountryCode>
  </Country>
  <Country>
    <CountryName>Seychelles</CountryName>
    <CountryCode>SYC</CountryCode>
  </Country>
  <Country>
    <CountryName>Syrian Arab Republic</CountryName>
    <CountryCode>SYR</CountryCode>
  </Country>
  <Country>
    <CountryName>Turks and Caicos Islands</CountryName>
    <CountryCode>TCA</CountryCode>
  </Country>
  <Country>
    <CountryName>Chad</CountryName>
    <CountryCode>TCD</CountryCode>
  </Country>
  <Country>
    <CountryName>Togo</CountryName>
    <CountryCode>TGO</CountryCode>
  </Country>
  <Country>
    <CountryName>Thailand</CountryName>
    <CountryCode>THA</CountryCode>
  </Country>
  <Country>
    <CountryName>Tajikistan</CountryName>
    <CountryCode>TJK</CountryCode>
  </Country>
  <Country>
    <CountryName>Tokelau</CountryName>
    <CountryCode>TKL</CountryCode>
  </Country>
  <Country>
    <CountryName>Turkmenistan</CountryName>
    <CountryCode>TKM</CountryCode>
  </Country>
  <Country>
    <CountryName>East Timor</CountryName>
    <CountryCode>TMP</CountryCode>
  </Country>
  <Country>
    <CountryName>Tonga</CountryName>
    <CountryCode>TON</CountryCode>
  </Country>
  <Country>
    <CountryName>Trinidad and Tobago</CountryName>
    <CountryCode>TTO</CountryCode>
  </Country>
  <Country>
    <CountryName>Tunisia</CountryName>
    <CountryCode>TUN</CountryCode>
  </Country>
  <Country>
    <CountryName>Turkey</CountryName>
    <CountryCode>TUR</CountryCode>
  </Country>
  <Country>
    <CountryName>Tuvalu</CountryName>
    <CountryCode>TUV</CountryCode>
  </Country>
  <Country>
    <CountryName>Taiwan</CountryName>
    <CountryCode>TWN</CountryCode>
  </Country>
  <Country>
    <CountryName>Tanzania</CountryName>
    <CountryCode>TZA</CountryCode>
  </Country>
  <Country>
    <CountryName>Uganda</CountryName>
    <CountryCode>UGA</CountryCode>
  </Country>
  <Country>
    <CountryName>Ukraine</CountryName>
    <CountryCode>UKR</CountryCode>
  </Country>
  <Country>
    <CountryName>United States Minor Outlying Islands</CountryName>
    <CountryCode>UMI</CountryCode>
  </Country>
  <Country>
    <CountryName>Uruguay</CountryName>
    <CountryCode>URY</CountryCode>
  </Country>
  <Country>
    <CountryName>United States</CountryName>
    <CountryCode>USA</CountryCode>
  </Country>
  <Country>
    <CountryName>Uzbekistan</CountryName>
    <CountryCode>UZB</CountryCode>
  </Country>
  <Country>
    <CountryName>Vatican City State (Holy See)</CountryName>
    <CountryCode>VAT</CountryCode>
  </Country>
  <Country>
    <CountryName>Saint Vincent Grenadines</CountryName>
    <CountryCode>VCT</CountryCode>
  </Country>
  <Country>
    <CountryName>Venezuela</CountryName>
    <CountryCode>VEN</CountryCode>
  </Country>
  <Country>
    <CountryName>Virgin Islands (British)</CountryName>
    <CountryCode>VGB</CountryCode>
  </Country>
  <Country>
    <CountryName>Virgin Islands (US)</CountryName>
    <CountryCode>VIR</CountryCode>
  </Country>
  <Country>
    <CountryName>Vietnam</CountryName>
    <CountryCode>VNM</CountryCode>
  </Country>
  <Country>
    <CountryName>Vanuatu</CountryName>
    <CountryCode>VUT</CountryCode>
  </Country>
  <Country>
    <CountryName>Wallis and Futuna Islands</CountryName>
    <CountryCode>WLF</CountryCode>
  </Country>
  <Country>
    <CountryName>Samoa</CountryName>
    <CountryCode>WSM</CountryCode>
  </Country>
  <Country>
    <CountryName>Yemen</CountryName>
    <CountryCode>YEM</CountryCode>
  </Country>
  <Country>
    <CountryName>Yugoslavia</CountryName>
    <CountryCode>YUG</CountryCode>
  </Country>
  <Country>
    <CountryName>South Africa</CountryName>
    <CountryCode>ZAF</CountryCode>
  </Country>
  <Country>
    <CountryName>Zambia</CountryName>
    <CountryCode>ZMB</CountryCode>
  </Country>
  <Country>
    <CountryName>Zimbabwe</CountryName>
    <CountryCode>ZWE</CountryCode>
  </Country>

</Countries>