<?xml version="1.0"?>
<?mso-application progid="Excel.Sheet"?>
<Workbook xmlns="urn:schemas-microsoft-com:office:spreadsheet"
 xmlns:o="urn:schemas-microsoft-com:office:office"
 xmlns:x="urn:schemas-microsoft-com:office:excel"
 xmlns:ss="urn:schemas-microsoft-com:office:spreadsheet"
 xmlns:html="http://www.w3.org/TR/REC-html40">
 <DocumentProperties xmlns="urn:schemas-microsoft-com:office:office">
  <Author>Andrea Vega</Author>
  <LastAuthor>Administrator</LastAuthor>
  <Created>2008-01-21T15:18:10Z</Created>
  <LastSaved>2008-01-21T15:48:43Z</LastSaved>
  <Company>IPsmarx</Company>
  <Version>11.9999</Version>
 </DocumentProperties>
 <ExcelWorkbook xmlns="urn:schemas-microsoft-com:office:excel">
  <WindowHeight>8445</WindowHeight>
  <WindowWidth>15195</WindowWidth>
  <WindowTopX>0</WindowTopX>
  <WindowTopY>15</WindowTopY>
  <ProtectStructure>False</ProtectStructure>
  <ProtectWindows>False</ProtectWindows>
 </ExcelWorkbook>
 <Styles>
  <Style ss:ID="Default" ss:Name="Normal">
   <Alignment ss:Vertical="Bottom"/>
   <Borders/>
   <Font/>
   <Interior/>
   <NumberFormat/>
   <Protection/>
  </Style>
 </Styles>
 <Worksheet ss:Name="Sheet1">
  <Table ss:ExpandedColumnCount="1" ss:ExpandedRowCount="372" x:FullColumns="1"
   x:FullRows="1">
    <Row>
      <Cell>
        <Data ss:Type="Number">1</Data>
      </Cell>
    </Row>
    <Row>
    <Cell><Data ss:Type="Number">1226</Data></Cell>
   </Row>
   <Row>
    <Cell><Data ss:Type="Number">1289</Data></Cell>
   </Row>
   <Row>
    <Cell><Data ss:Type="Number">1306</Data></Cell>
   </Row>
   <Row>
    <Cell><Data ss:Type="Number">1418</Data></Cell>
   </Row>
   <Row>
    <Cell><Data ss:Type="Number">1438</Data></Cell>
   </Row>
   <Row>
    <Cell><Data ss:Type="Number">1506</Data></Cell>
   </Row>
   <Row>
    <Cell><Data ss:Type="Number">1581</Data></Cell>
   </Row>
   <Row>
    <Cell><Data ss:Type="Number">1587</Data></Cell>
   </Row>
   <Row>
    <Cell><Data ss:Type="Number">1600</Data></Cell>
   </Row>
   <Row>
    <Cell><Data ss:Type="Number">1705</Data></Cell>
   </Row>
   <Row>
    <Cell><Data ss:Type="Number">1709</Data></Cell>
   </Row>
   <Row>
    <Cell><Data ss:Type="Number">1807</Data></Cell>
   </Row>
   <Row>
    <Cell><Data ss:Type="Number">1819</Data></Cell>
   </Row>
   <Row>
    <Cell><Data ss:Type="Number">1902</Data></Cell>
   </Row>
   <Row>
    <Cell><Data ss:Type="Number">1780</Data></Cell>
   </Row>
   <Row>
    <Cell><Data ss:Type="Number">1403</Data></Cell>
   </Row>
   <Row>
    <Cell><Data ss:Type="Number">1250</Data></Cell>
   </Row>
   <Row>
    <Cell><Data ss:Type="Number">1604</Data></Cell>
   </Row>
   <Row>
    <Cell><Data ss:Type="Number">1778</Data></Cell>
   </Row>
   <Row>
    <Cell><Data ss:Type="Number">1204</Data></Cell>
   </Row>
   <Row>
    <Cell><Data ss:Type="Number">1514</Data></Cell>
   </Row>
   <Row>
    <Cell><Data ss:Type="Number">1450</Data></Cell>
   </Row>
   <Row>
    <Cell><Data ss:Type="Number">1613</Data></Cell>
   </Row>
   <Row>
    <Cell><Data ss:Type="Number">1905</Data></Cell>
   </Row>
   <Row>
    <Cell><Data ss:Type="Number">1519</Data></Cell>
   </Row>
   <Row>
    <Cell><Data ss:Type="Number">1647</Data></Cell>
   </Row>
   <Row>
    <Cell><Data ss:Type="Number">1416</Data></Cell>
   </Row>
   <Row>
    <Cell><Data ss:Type="Number">1867</Data></Cell>
   </Row>
   <Row>
    <Cell><Data ss:Type="Number">1150</Data></Cell>
   </Row>
   <Row>
    <Cell><Data ss:Type="Number">1177</Data></Cell>
   </Row>
   <Row>
    <Cell><Data ss:Type="Number">1203</Data></Cell>
   </Row>
   <Row>
    <Cell><Data ss:Type="Number">1205</Data></Cell>
   </Row>
   <Row>
    <Cell><Data ss:Type="Number">1207</Data></Cell>
   </Row>
   <Row>
    <Cell><Data ss:Type="Number">1208</Data></Cell>
   </Row>
   <Row>
    <Cell><Data ss:Type="Number">1211</Data></Cell>
   </Row>
   <Row>
    <Cell><Data ss:Type="Number">1217</Data></Cell>
   </Row>
   <Row>
    <Cell><Data ss:Type="Number">1218</Data></Cell>
   </Row>
   <Row>
    <Cell><Data ss:Type="Number">1219</Data></Cell>
   </Row>
   <Row>
    <Cell><Data ss:Type="Number">1223</Data></Cell>
   </Row>
   <Row>
    <Cell><Data ss:Type="Number">1225</Data></Cell>
   </Row>
   <Row>
    <Cell><Data ss:Type="Number">1227</Data></Cell>
   </Row>
   <Row>
    <Cell><Data ss:Type="Number">1228</Data></Cell>
   </Row>
   <Row>
    <Cell><Data ss:Type="Number">1231</Data></Cell>
   </Row>
   <Row>
    <Cell><Data ss:Type="Number">1234</Data></Cell>
   </Row>
   <Row>
    <Cell><Data ss:Type="Number">1239</Data></Cell>
   </Row>
   <Row>
    <Cell><Data ss:Type="Number">1248</Data></Cell>
   </Row>
   <Row>
    <Cell><Data ss:Type="Number">1251</Data></Cell>
   </Row>
   <Row>
    <Cell><Data ss:Type="Number">1252</Data></Cell>
   </Row>
   <Row>
    <Cell><Data ss:Type="Number">1256</Data></Cell>
   </Row>
   <Row>
    <Cell><Data ss:Type="Number">1260</Data></Cell>
   </Row>
   <Row>
    <Cell><Data ss:Type="Number">1262</Data></Cell>
   </Row>
   <Row>
    <Cell><Data ss:Type="Number">1269</Data></Cell>
   </Row>
   <Row>
    <Cell><Data ss:Type="Number">1270</Data></Cell>
   </Row>
   <Row>
    <Cell><Data ss:Type="Number">1276</Data></Cell>
   </Row>
   <Row>
    <Cell><Data ss:Type="Number">1278</Data></Cell>
   </Row>
   <Row>
    <Cell><Data ss:Type="Number">1283</Data></Cell>
   </Row>
   <Row>
    <Cell><Data ss:Type="Number">1300</Data></Cell>
   </Row>
   <Row>
    <Cell><Data ss:Type="Number">1304</Data></Cell>
   </Row>
   <Row>
    <Cell><Data ss:Type="Number">1308</Data></Cell>
   </Row>
   <Row>
    <Cell><Data ss:Type="Number">1309</Data></Cell>
   </Row>
   <Row>
    <Cell><Data ss:Type="Number">1311</Data></Cell>
   </Row>
   <Row>
    <Cell><Data ss:Type="Number">1313</Data></Cell>
   </Row>
   <Row>
    <Cell><Data ss:Type="Number">1314</Data></Cell>
   </Row>
   <Row>
    <Cell><Data ss:Type="Number">1316</Data></Cell>
   </Row>
   <Row>
    <Cell><Data ss:Type="Number">1317</Data></Cell>
   </Row>
   <Row>
    <Cell><Data ss:Type="Number">1318</Data></Cell>
   </Row>
   <Row>
    <Cell><Data ss:Type="Number">1319</Data></Cell>
   </Row>
   <Row>
    <Cell><Data ss:Type="Number">1320</Data></Cell>
   </Row>
   <Row>
    <Cell><Data ss:Type="Number">1324</Data></Cell>
   </Row>
   <Row>
    <Cell><Data ss:Type="Number">1330</Data></Cell>
   </Row>
   <Row>
    <Cell><Data ss:Type="Number">1331</Data></Cell>
   </Row>
   <Row>
    <Cell><Data ss:Type="Number">1332</Data></Cell>
   </Row>
   <Row>
    <Cell><Data ss:Type="Number">1334</Data></Cell>
   </Row>
   <Row>
    <Cell><Data ss:Type="Number">1336</Data></Cell>
   </Row>
   <Row>
    <Cell><Data ss:Type="Number">1337</Data></Cell>
   </Row>
   <Row>
    <Cell><Data ss:Type="Number">1341</Data></Cell>
   </Row>
   <Row>
    <Cell><Data ss:Type="Number">1342</Data></Cell>
   </Row>
   <Row>
    <Cell><Data ss:Type="Number">1351</Data></Cell>
   </Row>
   <Row>
    <Cell><Data ss:Type="Number">1353</Data></Cell>
   </Row>
   <Row>
    <Cell><Data ss:Type="Number">1356</Data></Cell>
   </Row>
   <Row>
    <Cell><Data ss:Type="Number">1357</Data></Cell>
   </Row>
   <Row>
    <Cell><Data ss:Type="Number">1358</Data></Cell>
   </Row>
   <Row>
    <Cell><Data ss:Type="Number">1364</Data></Cell>
   </Row>
   <Row>
    <Cell><Data ss:Type="Number">1369</Data></Cell>
   </Row>
   <Row>
    <Cell><Data ss:Type="Number">1380</Data></Cell>
   </Row>
   <Row>
    <Cell><Data ss:Type="Number">1385</Data></Cell>
   </Row>
   <Row>
    <Cell><Data ss:Type="Number">1389</Data></Cell>
   </Row>
   <Row>
    <Cell><Data ss:Type="Number">1400</Data></Cell>
   </Row>
   <Row>
    <Cell><Data ss:Type="Number">1402</Data></Cell>
   </Row>
   <Row>
    <Cell><Data ss:Type="Number">1405</Data></Cell>
   </Row>
   <Row>
    <Cell><Data ss:Type="Number">1411</Data></Cell>
   </Row>
   <Row>
    <Cell><Data ss:Type="Number">1412</Data></Cell>
   </Row>
   <Row>
    <Cell><Data ss:Type="Number">1414</Data></Cell>
   </Row>
   <Row>
    <Cell><Data ss:Type="Number">1417</Data></Cell>
   </Row>
   <Row>
    <Cell><Data ss:Type="Number">1419</Data></Cell>
   </Row>
   <Row>
    <Cell><Data ss:Type="Number">1420</Data></Cell>
   </Row>
   <Row>
    <Cell><Data ss:Type="Number">1423</Data></Cell>
   </Row>
   <Row>
    <Cell><Data ss:Type="Number">1434</Data></Cell>
   </Row>
   <Row>
    <Cell><Data ss:Type="Number">1442</Data></Cell>
   </Row>
   <Row>
    <Cell><Data ss:Type="Number">1445</Data></Cell>
   </Row>
   <Row>
    <Cell><Data ss:Type="Number">1456</Data></Cell>
   </Row>
   <Row>
    <Cell><Data ss:Type="Number">1464</Data></Cell>
   </Row>
   <Row>
    <Cell><Data ss:Type="Number">1470</Data></Cell>
   </Row>
   <Row>
    <Cell><Data ss:Type="Number">1475</Data></Cell>
   </Row>
   <Row>
    <Cell><Data ss:Type="Number">1478</Data></Cell>
   </Row>
   <Row>
    <Cell><Data ss:Type="Number">1479</Data></Cell>
   </Row>
   <Row>
    <Cell><Data ss:Type="Number">1480</Data></Cell>
   </Row>
   <Row>
    <Cell><Data ss:Type="Number">1500</Data></Cell>
   </Row>
   <Row>
    <Cell><Data ss:Type="Number">1501</Data></Cell>
   </Row>
   <Row>
    <Cell><Data ss:Type="Number">1502</Data></Cell>
   </Row>
   <Row>
    <Cell><Data ss:Type="Number">1504</Data></Cell>
   </Row>
   <Row>
    <Cell><Data ss:Type="Number">1505</Data></Cell>
   </Row>
   <Row>
    <Cell><Data ss:Type="Number">1507</Data></Cell>
   </Row>
   <Row>
    <Cell><Data ss:Type="Number">1509</Data></Cell>
   </Row>
   <Row>
    <Cell><Data ss:Type="Number">1511</Data></Cell>
   </Row>
   <Row>
    <Cell><Data ss:Type="Number">1513</Data></Cell>
   </Row>
   <Row>
    <Cell><Data ss:Type="Number">1515</Data></Cell>
   </Row>
   <Row>
    <Cell><Data ss:Type="Number">1517</Data></Cell>
   </Row>
   <Row>
    <Cell><Data ss:Type="Number">1520</Data></Cell>
   </Row>
   <Row>
    <Cell><Data ss:Type="Number">1541</Data></Cell>
   </Row>
   <Row>
    <Cell><Data ss:Type="Number">1555</Data></Cell>
   </Row>
   <Row>
    <Cell><Data ss:Type="Number">1557</Data></Cell>
   </Row>
   <Row>
    <Cell><Data ss:Type="Number">1560</Data></Cell>
   </Row>
   <Row>
    <Cell><Data ss:Type="Number">1563</Data></Cell>
   </Row>
   <Row>
    <Cell><Data ss:Type="Number">1564</Data></Cell>
   </Row>
   <Row>
    <Cell><Data ss:Type="Number">1567</Data></Cell>
   </Row>
   <Row>
    <Cell><Data ss:Type="Number">1573</Data></Cell>
   </Row>
   <Row>
    <Cell><Data ss:Type="Number">1574</Data></Cell>
   </Row>
   <Row>
    <Cell><Data ss:Type="Number">1575</Data></Cell>
   </Row>
   <Row>
    <Cell><Data ss:Type="Number">1580</Data></Cell>
   </Row>
   <Row>
    <Cell><Data ss:Type="Number">1585</Data></Cell>
   </Row>
   <Row>
    <Cell><Data ss:Type="Number">1586</Data></Cell>
   </Row>
   <Row>
    <Cell><Data ss:Type="Number">1601</Data></Cell>
   </Row>
   <Row>
    <Cell><Data ss:Type="Number">1602</Data></Cell>
   </Row>
   <Row>
    <Cell><Data ss:Type="Number">1605</Data></Cell>
   </Row>
   <Row>
    <Cell><Data ss:Type="Number">1606</Data></Cell>
   </Row>
   <Row>
    <Cell><Data ss:Type="Number">1607</Data></Cell>
   </Row>
   <Row>
    <Cell><Data ss:Type="Number">1608</Data></Cell>
   </Row>
   <Row>
    <Cell><Data ss:Type="Number">1611</Data></Cell>
   </Row>
   <Row>
    <Cell><Data ss:Type="Number">1612</Data></Cell>
   </Row>
   <Row>
    <Cell><Data ss:Type="Number">1614</Data></Cell>
   </Row>
   <Row>
    <Cell><Data ss:Type="Number">1615</Data></Cell>
   </Row>
   <Row>
    <Cell><Data ss:Type="Number">1616</Data></Cell>
   </Row>
   <Row>
    <Cell><Data ss:Type="Number">1618</Data></Cell>
   </Row>
   <Row>
    <Cell><Data ss:Type="Number">1620</Data></Cell>
   </Row>
   <Row>
    <Cell><Data ss:Type="Number">1623</Data></Cell>
   </Row>
   <Row>
    <Cell><Data ss:Type="Number">1627</Data></Cell>
   </Row>
   <Row>
    <Cell><Data ss:Type="Number">1628</Data></Cell>
   </Row>
   <Row>
    <Cell><Data ss:Type="Number">1636</Data></Cell>
   </Row>
   <Row>
    <Cell><Data ss:Type="Number">1641</Data></Cell>
   </Row>
   <Row>
    <Cell><Data ss:Type="Number">1651</Data></Cell>
   </Row>
   <Row>
    <Cell><Data ss:Type="Number">1657</Data></Cell>
   </Row>
   <Row>
    <Cell><Data ss:Type="Number">1660</Data></Cell>
   </Row>
   <Row>
    <Cell><Data ss:Type="Number">1662</Data></Cell>
   </Row>
   <Row>
    <Cell><Data ss:Type="Number">1667</Data></Cell>
   </Row>
   <Row>
    <Cell><Data ss:Type="Number">1669</Data></Cell>
   </Row>
   <Row>
    <Cell><Data ss:Type="Number">1679</Data></Cell>
   </Row>
   <Row>
    <Cell><Data ss:Type="Number">1689</Data></Cell>
   </Row>
   <Row>
    <Cell><Data ss:Type="Number">1700</Data></Cell>
   </Row>
   <Row>
    <Cell><Data ss:Type="Number">1701</Data></Cell>
   </Row>
   <Row>
    <Cell><Data ss:Type="Number">1704</Data></Cell>
   </Row>
   <Row>
    <Cell><Data ss:Type="Number">1710</Data></Cell>
   </Row>
   <Row>
    <Cell><Data ss:Type="Number">1712</Data></Cell>
   </Row>
   <Row>
    <Cell><Data ss:Type="Number">1715</Data></Cell>
   </Row>
   <Row>
    <Cell><Data ss:Type="Number">1716</Data></Cell>
   </Row>
   <Row>
    <Cell><Data ss:Type="Number">1717</Data></Cell>
   </Row>
   <Row>
    <Cell><Data ss:Type="Number">1727</Data></Cell>
   </Row>
   <Row>
    <Cell><Data ss:Type="Number">1731</Data></Cell>
   </Row>
   <Row>
    <Cell><Data ss:Type="Number">1734</Data></Cell>
   </Row>
   <Row>
    <Cell><Data ss:Type="Number">1737</Data></Cell>
   </Row>
   <Row>
    <Cell><Data ss:Type="Number">1740</Data></Cell>
   </Row>
   <Row>
    <Cell><Data ss:Type="Number">1747</Data></Cell>
   </Row>
   <Row>
    <Cell><Data ss:Type="Number">1750</Data></Cell>
   </Row>
   <Row>
    <Cell><Data ss:Type="Number">1752</Data></Cell>
   </Row>
   <Row>
    <Cell><Data ss:Type="Number">1757</Data></Cell>
   </Row>
   <Row>
    <Cell><Data ss:Type="Number">1762</Data></Cell>
   </Row>
   <Row>
    <Cell><Data ss:Type="Number">1763</Data></Cell>
   </Row>
   <Row>
    <Cell><Data ss:Type="Number">1764</Data></Cell>
   </Row>
   <Row>
    <Cell><Data ss:Type="Number">1765</Data></Cell>
   </Row>
   <Row>
    <Cell><Data ss:Type="Number">1769</Data></Cell>
   </Row>
   <Row>
    <Cell><Data ss:Type="Number">1777</Data></Cell>
   </Row>
   <Row>
    <Cell><Data ss:Type="Number">1785</Data></Cell>
   </Row>
   <Row>
    <Cell><Data ss:Type="Number">1803</Data></Cell>
   </Row>
   <Row>
    <Cell><Data ss:Type="Number">1804</Data></Cell>
   </Row>
   <Row>
    <Cell><Data ss:Type="Number">1810</Data></Cell>
   </Row>
   <Row>
    <Cell><Data ss:Type="Number">1812</Data></Cell>
   </Row>
   <Row>
    <Cell><Data ss:Type="Number">1813</Data></Cell>
   </Row>
   <Row>
    <Cell><Data ss:Type="Number">1814</Data></Cell>
   </Row>
   <Row>
    <Cell><Data ss:Type="Number">1816</Data></Cell>
   </Row>
   <Row>
    <Cell><Data ss:Type="Number">1828</Data></Cell>
   </Row>
   <Row>
    <Cell><Data ss:Type="Number">1835</Data></Cell>
   </Row>
   <Row>
    <Cell><Data ss:Type="Number">1843</Data></Cell>
   </Row>
   <Row>
    <Cell><Data ss:Type="Number">1850</Data></Cell>
   </Row>
   <Row>
    <Cell><Data ss:Type="Number">1859</Data></Cell>
   </Row>
   <Row>
    <Cell><Data ss:Type="Number">1860</Data></Cell>
   </Row>
   <Row>
    <Cell><Data ss:Type="Number">1863</Data></Cell>
   </Row>
   <Row>
    <Cell><Data ss:Type="Number">1864</Data></Cell>
   </Row>
   <Row>
    <Cell><Data ss:Type="Number">1865</Data></Cell>
   </Row>
   <Row>
    <Cell><Data ss:Type="Number">1870</Data></Cell>
   </Row>
   <Row>
    <Cell><Data ss:Type="Number">1872</Data></Cell>
   </Row>
   <Row>
    <Cell><Data ss:Type="Number">1878</Data></Cell>
   </Row>
   <Row>
    <Cell><Data ss:Type="Number">1880</Data></Cell>
   </Row>
   <Row>
    <Cell><Data ss:Type="Number">1881</Data></Cell>
   </Row>
   <Row>
    <Cell><Data ss:Type="Number">1882</Data></Cell>
   </Row>
   <Row>
    <Cell><Data ss:Type="Number">1885</Data></Cell>
   </Row>
   <Row>
    <Cell><Data ss:Type="Number">1886</Data></Cell>
   </Row>
   <Row>
    <Cell><Data ss:Type="Number">1887</Data></Cell>
   </Row>
   <Row>
    <Cell><Data ss:Type="Number">1901</Data></Cell>
   </Row>
   <Row>
    <Cell><Data ss:Type="Number">1906</Data></Cell>
   </Row>
   <Row>
    <Cell><Data ss:Type="Number">1910</Data></Cell>
   </Row>
   <Row>
    <Cell><Data ss:Type="Number">1912</Data></Cell>
   </Row>
   <Row>
    <Cell><Data ss:Type="Number">1913</Data></Cell>
   </Row>
   <Row>
    <Cell><Data ss:Type="Number">1918</Data></Cell>
   </Row>
   <Row>
    <Cell><Data ss:Type="Number">1919</Data></Cell>
   </Row>
   <Row>
    <Cell><Data ss:Type="Number">1920</Data></Cell>
   </Row>
   <Row>
    <Cell><Data ss:Type="Number">1928</Data></Cell>
   </Row>
   <Row>
    <Cell><Data ss:Type="Number">1931</Data></Cell>
   </Row>
   <Row>
    <Cell><Data ss:Type="Number">1935</Data></Cell>
   </Row>
   <Row>
    <Cell><Data ss:Type="Number">1937</Data></Cell>
   </Row>
   <Row>
    <Cell><Data ss:Type="Number">1941</Data></Cell>
   </Row>
   <Row>
    <Cell><Data ss:Type="Number">1952</Data></Cell>
   </Row>
   <Row>
    <Cell><Data ss:Type="Number">1959</Data></Cell>
   </Row>
   <Row>
    <Cell><Data ss:Type="Number">1975</Data></Cell>
   </Row>
   <Row>
    <Cell><Data ss:Type="Number">1980</Data></Cell>
   </Row>
   <Row>
    <Cell><Data ss:Type="Number">1984</Data></Cell>
   </Row>
   <Row>
    <Cell><Data ss:Type="Number">1985</Data></Cell>
   </Row>
   <Row>
    <Cell><Data ss:Type="Number">1989</Data></Cell>
   </Row>
   <Row>
    <Cell><Data ss:Type="Number">1907</Data></Cell>
   </Row>
   <Row>
    <Cell><Data ss:Type="Number">1808</Data></Cell>
   </Row>
   <Row>
    <Cell><Data ss:Type="Number">1201</Data></Cell>
   </Row>
   <Row>
    <Cell><Data ss:Type="Number">1202</Data></Cell>
   </Row>
   <Row>
    <Cell><Data ss:Type="Number">1206</Data></Cell>
   </Row>
   <Row>
    <Cell><Data ss:Type="Number">1209</Data></Cell>
   </Row>
   <Row>
    <Cell><Data ss:Type="Number">1210</Data></Cell>
   </Row>
   <Row>
    <Cell><Data ss:Type="Number">1212</Data></Cell>
   </Row>
   <Row>
    <Cell><Data ss:Type="Number">1213</Data></Cell>
   </Row>
   <Row>
    <Cell><Data ss:Type="Number">1214</Data></Cell>
   </Row>
   <Row>
    <Cell><Data ss:Type="Number">1215</Data></Cell>
   </Row>
   <Row>
    <Cell><Data ss:Type="Number">1216</Data></Cell>
   </Row>
   <Row>
    <Cell><Data ss:Type="Number">1224</Data></Cell>
   </Row>
   <Row>
    <Cell><Data ss:Type="Number">1229</Data></Cell>
   </Row>
   <Row>
    <Cell><Data ss:Type="Number">1240</Data></Cell>
   </Row>
   <Row>
    <Cell><Data ss:Type="Number">1253</Data></Cell>
   </Row>
   <Row>
    <Cell><Data ss:Type="Number">1254</Data></Cell>
   </Row>
   <Row>
    <Cell><Data ss:Type="Number">1267</Data></Cell>
   </Row>
   <Row>
    <Cell><Data ss:Type="Number">1281</Data></Cell>
   </Row>
   <Row>
    <Cell><Data ss:Type="Number">1301</Data></Cell>
   </Row>
   <Row>
    <Cell><Data ss:Type="Number">1302</Data></Cell>
   </Row>
   <Row>
    <Cell><Data ss:Type="Number">1303</Data></Cell>
   </Row>
   <Row>
    <Cell><Data ss:Type="Number">1305</Data></Cell>
   </Row>
   <Row>
    <Cell><Data ss:Type="Number">1307</Data></Cell>
   </Row>
   <Row>
    <Cell><Data ss:Type="Number">1310</Data></Cell>
   </Row>
   <Row>
    <Cell><Data ss:Type="Number">1312</Data></Cell>
   </Row>
   <Row>
    <Cell><Data ss:Type="Number">1315</Data></Cell>
   </Row>
   <Row>
    <Cell><Data ss:Type="Number">1321</Data></Cell>
   </Row>
   <Row>
    <Cell><Data ss:Type="Number">1323</Data></Cell>
   </Row>
   <Row>
    <Cell><Data ss:Type="Number">1325</Data></Cell>
   </Row>
   <Row>
    <Cell><Data ss:Type="Number">1339</Data></Cell>
   </Row>
   <Row>
    <Cell><Data ss:Type="Number">1347</Data></Cell>
   </Row>
   <Row>
    <Cell><Data ss:Type="Number">1352</Data></Cell>
   </Row>
   <Row>
    <Cell><Data ss:Type="Number">1360</Data></Cell>
   </Row>
   <Row>
    <Cell><Data ss:Type="Number">1361</Data></Cell>
   </Row>
   <Row>
    <Cell><Data ss:Type="Number">1386</Data></Cell>
   </Row>
   <Row>
    <Cell><Data ss:Type="Number">1401</Data></Cell>
   </Row>
   <Row>
    <Cell><Data ss:Type="Number">1404</Data></Cell>
   </Row>
   <Row>
    <Cell><Data ss:Type="Number">1406</Data></Cell>
   </Row>
   <Row>
    <Cell><Data ss:Type="Number">1407</Data></Cell>
   </Row>
   <Row>
    <Cell><Data ss:Type="Number">1408</Data></Cell>
   </Row>
   <Row>
    <Cell><Data ss:Type="Number">1409</Data></Cell>
   </Row>
   <Row>
    <Cell><Data ss:Type="Number">1410</Data></Cell>
   </Row>
   <Row>
    <Cell><Data ss:Type="Number">1413</Data></Cell>
   </Row>
   <Row>
    <Cell><Data ss:Type="Number">1415</Data></Cell>
   </Row>
   <Row>
    <Cell><Data ss:Type="Number">1424</Data></Cell>
   </Row>
   <Row>
    <Cell><Data ss:Type="Number">1425</Data></Cell>
   </Row>
   <Row>
    <Cell><Data ss:Type="Number">1430</Data></Cell>
   </Row>
   <Row>
    <Cell><Data ss:Type="Number">1432</Data></Cell>
   </Row>
   <Row>
    <Cell><Data ss:Type="Number">1435</Data></Cell>
   </Row>
   <Row>
    <Cell><Data ss:Type="Number">1440</Data></Cell>
   </Row>
   <Row>
    <Cell><Data ss:Type="Number">1443</Data></Cell>
   </Row>
   <Row>
    <Cell><Data ss:Type="Number">1469</Data></Cell>
   </Row>
   <Row>
    <Cell><Data ss:Type="Number">1484</Data></Cell>
   </Row>
   <Row>
    <Cell><Data ss:Type="Number">1503</Data></Cell>
   </Row>
   <Row>
    <Cell><Data ss:Type="Number">1508</Data></Cell>
   </Row>
   <Row>
    <Cell><Data ss:Type="Number">1510</Data></Cell>
   </Row>
   <Row>
    <Cell><Data ss:Type="Number">1512</Data></Cell>
   </Row>
   <Row>
    <Cell><Data ss:Type="Number">1516</Data></Cell>
   </Row>
   <Row>
    <Cell><Data ss:Type="Number">1518</Data></Cell>
   </Row>
   <Row>
    <Cell><Data ss:Type="Number">1530</Data></Cell>
   </Row>
   <Row>
    <Cell><Data ss:Type="Number">1540</Data></Cell>
   </Row>
   <Row>
    <Cell><Data ss:Type="Number">1551</Data></Cell>
   </Row>
   <Row>
    <Cell><Data ss:Type="Number">1559</Data></Cell>
   </Row>
   <Row>
    <Cell><Data ss:Type="Number">1561</Data></Cell>
   </Row>
   <Row>
    <Cell><Data ss:Type="Number">1562</Data></Cell>
   </Row>
   <Row>
    <Cell><Data ss:Type="Number">1570</Data></Cell>
   </Row>
   <Row>
    <Cell><Data ss:Type="Number">1571</Data></Cell>
   </Row>
   <Row>
    <Cell><Data ss:Type="Number">1603</Data></Cell>
   </Row>
   <Row>
    <Cell><Data ss:Type="Number">1609</Data></Cell>
   </Row>
   <Row>
    <Cell><Data ss:Type="Number">1610</Data></Cell>
   </Row>
   <Row>
    <Cell><Data ss:Type="Number">1617</Data></Cell>
   </Row>
   <Row>
    <Cell><Data ss:Type="Number">1619</Data></Cell>
   </Row>
   <Row>
    <Cell><Data ss:Type="Number">1626</Data></Cell>
   </Row>
   <Row>
    <Cell><Data ss:Type="Number">1630</Data></Cell>
   </Row>
   <Row>
    <Cell><Data ss:Type="Number">1631</Data></Cell>
   </Row>
   <Row>
    <Cell><Data ss:Type="Number">1646</Data></Cell>
   </Row>
   <Row>
    <Cell><Data ss:Type="Number">1650</Data></Cell>
   </Row>
   <Row>
    <Cell><Data ss:Type="Number">1661</Data></Cell>
   </Row>
   <Row>
    <Cell><Data ss:Type="Number">1678</Data></Cell>
   </Row>
   <Row>
    <Cell><Data ss:Type="Number">1682</Data></Cell>
   </Row>
   <Row>
    <Cell><Data ss:Type="Number">1702</Data></Cell>
   </Row>
   <Row>
    <Cell><Data ss:Type="Number">1703</Data></Cell>
   </Row>
   <Row>
    <Cell><Data ss:Type="Number">1706</Data></Cell>
   </Row>
   <Row>
    <Cell><Data ss:Type="Number">1707</Data></Cell>
   </Row>
   <Row>
    <Cell><Data ss:Type="Number">1708</Data></Cell>
   </Row>
   <Row>
    <Cell><Data ss:Type="Number">1713</Data></Cell>
   </Row>
   <Row>
    <Cell><Data ss:Type="Number">1714</Data></Cell>
   </Row>
   <Row>
    <Cell><Data ss:Type="Number">1718</Data></Cell>
   </Row>
   <Row>
    <Cell><Data ss:Type="Number">1719</Data></Cell>
   </Row>
   <Row>
    <Cell><Data ss:Type="Number">1720</Data></Cell>
   </Row>
   <Row>
    <Cell><Data ss:Type="Number">1724</Data></Cell>
   </Row>
   <Row>
    <Cell><Data ss:Type="Number">1732</Data></Cell>
   </Row>
   <Row>
    <Cell><Data ss:Type="Number">1754</Data></Cell>
   </Row>
   <Row>
    <Cell><Data ss:Type="Number">1760</Data></Cell>
   </Row>
   <Row>
    <Cell><Data ss:Type="Number">1770</Data></Cell>
   </Row>
   <Row>
    <Cell><Data ss:Type="Number">1772</Data></Cell>
   </Row>
   <Row>
    <Cell><Data ss:Type="Number">1773</Data></Cell>
   </Row>
   <Row>
    <Cell><Data ss:Type="Number">1774</Data></Cell>
   </Row>
   <Row>
    <Cell><Data ss:Type="Number">1775</Data></Cell>
   </Row>
   <Row>
    <Cell><Data ss:Type="Number">1781</Data></Cell>
   </Row>
   <Row>
    <Cell><Data ss:Type="Number">1786</Data></Cell>
   </Row>
   <Row>
    <Cell><Data ss:Type="Number">1801</Data></Cell>
   </Row>
   <Row>
    <Cell><Data ss:Type="Number">1802</Data></Cell>
   </Row>
   <Row>
    <Cell><Data ss:Type="Number">1805</Data></Cell>
   </Row>
   <Row>
    <Cell><Data ss:Type="Number">1806</Data></Cell>
   </Row>
   <Row>
    <Cell><Data ss:Type="Number">1815</Data></Cell>
   </Row>
   <Row>
    <Cell><Data ss:Type="Number">1817</Data></Cell>
   </Row>
   <Row>
    <Cell><Data ss:Type="Number">1818</Data></Cell>
   </Row>
   <Row>
    <Cell><Data ss:Type="Number">1830</Data></Cell>
   </Row>
   <Row>
    <Cell><Data ss:Type="Number">1831</Data></Cell>
   </Row>
   <Row>
    <Cell><Data ss:Type="Number">1832</Data></Cell>
   </Row>
   <Row>
    <Cell><Data ss:Type="Number">1845</Data></Cell>
   </Row>
   <Row>
    <Cell><Data ss:Type="Number">1847</Data></Cell>
   </Row>
   <Row>
    <Cell><Data ss:Type="Number">1848</Data></Cell>
   </Row>
   <Row>
    <Cell><Data ss:Type="Number">1856</Data></Cell>
   </Row>
   <Row>
    <Cell><Data ss:Type="Number">1857</Data></Cell>
   </Row>
   <Row>
    <Cell><Data ss:Type="Number">1858</Data></Cell>
   </Row>
   <Row>
    <Cell><Data ss:Type="Number">1862</Data></Cell>
   </Row>
   <Row>
    <Cell><Data ss:Type="Number">1903</Data></Cell>
   </Row>
   <Row>
    <Cell><Data ss:Type="Number">1904</Data></Cell>
   </Row>
   <Row>
    <Cell><Data ss:Type="Number">1908</Data></Cell>
   </Row>
   <Row>
    <Cell><Data ss:Type="Number">1909</Data></Cell>
   </Row>
   <Row>
    <Cell><Data ss:Type="Number">1914</Data></Cell>
   </Row>
   <Row>
    <Cell><Data ss:Type="Number">1915</Data></Cell>
   </Row>
   <Row>
    <Cell><Data ss:Type="Number">1916</Data></Cell>
   </Row>
   <Row>
    <Cell><Data ss:Type="Number">1917</Data></Cell>
   </Row>
   <Row>
    <Cell><Data ss:Type="Number">1925</Data></Cell>
   </Row>
   <Row>
    <Cell><Data ss:Type="Number">1936</Data></Cell>
   </Row>
   <Row>
    <Cell><Data ss:Type="Number">1940</Data></Cell>
   </Row>
   <Row>
    <Cell><Data ss:Type="Number">1947</Data></Cell>
   </Row>
   <Row>
    <Cell><Data ss:Type="Number">1949</Data></Cell>
   </Row>
   <Row>
    <Cell><Data ss:Type="Number">1951</Data></Cell>
   </Row>
   <Row>
    <Cell><Data ss:Type="Number">1954</Data></Cell>
   </Row>
   <Row>
    <Cell><Data ss:Type="Number">1956</Data></Cell>
   </Row>
   <Row>
    <Cell><Data ss:Type="Number">1970</Data></Cell>
   </Row>
   <Row>
    <Cell><Data ss:Type="Number">1971</Data></Cell>
   </Row>
   <Row>
    <Cell><Data ss:Type="Number">1972</Data></Cell>
   </Row>
   <Row>
    <Cell><Data ss:Type="Number">1973</Data></Cell>
   </Row>
   <Row>
    <Cell><Data ss:Type="Number">1978</Data></Cell>
   </Row>
   <Row>
    <Cell><Data ss:Type="Number">1979</Data></Cell>
   </Row>
   <Row>
    <Cell><Data ss:Type="Number">1800</Data></Cell>
   </Row>
   <Row>
    <Cell><Data ss:Type="Number">1866</Data></Cell>
   </Row>
   <Row>
    <Cell><Data ss:Type="Number">1877</Data></Cell>
   </Row>
   <Row>
    <Cell><Data ss:Type="Number">1888</Data></Cell>
   </Row>
  </Table>
  <WorksheetOptions xmlns="urn:schemas-microsoft-com:office:excel">
   <Selected/>
   <TopRowVisible>352</TopRowVisible>
   <Panes>
    <Pane>
     <Number>3</Number>
     <ActiveRow>371</ActiveRow>
     <ActiveCol>1</ActiveCol>
    </Pane>
   </Panes>
   <ProtectObjects>False</ProtectObjects>
   <ProtectScenarios>False</ProtectScenarios>
  </WorksheetOptions>
 </Worksheet>
</Workbook>
